{"0810":{"PlaceID":12109643,"JobId":"87adecce-1fd6-4e31-b97c-1a93a78a7507","Time":304641.4543443},"4470":{"PlaceID":8181630648,"JobId":"b673d747-b7b5-4598-9116-a6d6819ecac7","Time":543938.8679923}}