{"3069":{"PlaceID":5100950559,"JobId":"6fb1832b-c097-40ff-89d2-09f239c15791","Time":158250.39621819999},"4470":{"PlaceID":8181630648,"JobId":"b673d747-b7b5-4598-9116-a6d6819ecac7","Time":543938.8679923}}