{"1010":{"PlaceID":189707,"JobId":"4c1b85e5-d387-4eba-98a3-8c00eace3f17","Time":214307.364891},"6861":{"PlaceID":417267366,"JobId":"f517a56f-16a1-4edb-9135-5dcfde2aca2d","Time":12794.840578899999}}