{"4250":{"PlaceID":5100950559,"JobID":"39e20db3-1659-4a93-89b6-f73dd1bdcb6e","Time":84223.4728908},"6796":{"PlaceID":5100950559,"JobId":"39e20db3-1659-4a93-89b6-f73dd1bdcb6e","Time":85344.3310643}}