{"4470":{"PlaceID":8181630648,"JobId":"b673d747-b7b5-4598-9116-a6d6819ecac7","Time":543938.8679923},"9918":{"PlaceID":8181630648,"JobId":"acf06f5a-f6da-4452-8c87-cdba167b323c","Time":392153.41891939999}}